{
  "hash": "44893945",
  "configHash": "2a3cad69",
  "lockfileHash": "3b3b6c30",
  "browserHash": "544f1d49",
  "optimized": {
    "@angular/common": {
      "src": "../../../../../../node_modules/@angular/common/fesm2022/common.mjs",
      "file": "@angular_common.js",
      "fileHash": "349b1d09",
      "needsInterop": false
    },
    "@angular/core": {
      "src": "../../../../../../node_modules/@angular/core/fesm2022/core.mjs",
      "file": "@angular_core.js",
      "fileHash": "a7c4ab38",
      "needsInterop": false
    },
    "@angular/platform-browser": {
      "src": "../../../../../../node_modules/@angular/platform-browser/fesm2022/platform-browser.mjs",
      "file": "@angular_platform-browser.js",
      "fileHash": "c9ecb08f",
      "needsInterop": false
    },
    "@angular/router": {
      "src": "../../../../../../node_modules/@angular/router/fesm2022/router.mjs",
      "file": "@angular_router.js",
      "fileHash": "850c0c4e",
      "needsInterop": false
    }
  },
  "chunks": {
    "chunk-4ZBN2MQ2": {
      "file": "chunk-4ZBN2MQ2.js"
    },
    "chunk-JSWMW3KL": {
      "file": "chunk-JSWMW3KL.js"
    },
    "chunk-2WBDY7DO": {
      "file": "chunk-2WBDY7DO.js"
    }
  }
}