{
  "hash": "c67cbbfc",
  "configHash": "e95ca85f",
  "lockfileHash": "1fbf1324",
  "browserHash": "c702410e",
  "optimized": {
    "@angular/common": {
      "src": "../../../../../../node_modules/@angular/common/fesm2022/common.mjs",
      "file": "@angular_common.js",
      "fileHash": "6d0c82ab",
      "needsInterop": false
    },
    "@angular/core": {
      "src": "../../../../../../node_modules/@angular/core/fesm2022/core.mjs",
      "file": "@angular_core.js",
      "fileHash": "da5cdec1",
      "needsInterop": false
    },
    "@angular/forms": {
      "src": "../../../../../../node_modules/@angular/forms/fesm2022/forms.mjs",
      "file": "@angular_forms.js",
      "fileHash": "68ba7c1e",
      "needsInterop": false
    },
    "@angular/platform-browser": {
      "src": "../../../../../../node_modules/@angular/platform-browser/fesm2022/platform-browser.mjs",
      "file": "@angular_platform-browser.js",
      "fileHash": "9a08961c",
      "needsInterop": false
    },
    "@angular/router": {
      "src": "../../../../../../node_modules/@angular/router/fesm2022/router.mjs",
      "file": "@angular_router.js",
      "fileHash": "d65654ba",
      "needsInterop": false
    }
  },
  "chunks": {
    "chunk-UJTWSPMY": {
      "file": "chunk-UJTWSPMY.js"
    },
    "chunk-7VSUUCKJ": {
      "file": "chunk-7VSUUCKJ.js"
    },
    "chunk-UXJAXTXK": {
      "file": "chunk-UXJAXTXK.js"
    }
  }
}