{
  "hash": "65a5278c",
  "configHash": "9a49a317",
  "lockfileHash": "dfecab2c",
  "browserHash": "781ffe2d",
  "optimized": {
    "@angular/common": {
      "src": "../../../../../../node_modules/@angular/common/fesm2022/common.mjs",
      "file": "@angular_common.js",
      "fileHash": "fc9afb8c",
      "needsInterop": false
    },
    "@angular/core": {
      "src": "../../../../../../node_modules/@angular/core/fesm2022/core.mjs",
      "file": "@angular_core.js",
      "fileHash": "055a994c",
      "needsInterop": false
    },
    "@angular/forms": {
      "src": "../../../../../../node_modules/@angular/forms/fesm2022/forms.mjs",
      "file": "@angular_forms.js",
      "fileHash": "f3e96a7f",
      "needsInterop": false
    },
    "@angular/platform-browser": {
      "src": "../../../../../../node_modules/@angular/platform-browser/fesm2022/platform-browser.mjs",
      "file": "@angular_platform-browser.js",
      "fileHash": "5662094f",
      "needsInterop": false
    },
    "@angular/router": {
      "src": "../../../../../../node_modules/@angular/router/fesm2022/router.mjs",
      "file": "@angular_router.js",
      "fileHash": "2d150be7",
      "needsInterop": false
    }
  },
  "chunks": {
    "chunk-PNWQ2IA7": {
      "file": "chunk-PNWQ2IA7.js"
    },
    "chunk-KCC24CNX": {
      "file": "chunk-KCC24CNX.js"
    },
    "chunk-QU6MX3AP": {
      "file": "chunk-QU6MX3AP.js"
    }
  }
}