{
  "hash": "98a0cbd1",
  "configHash": "8c1bd724",
  "lockfileHash": "8a4d9c07",
  "browserHash": "54f8aea4",
  "optimized": {
    "@angular/core": {
      "src": "../../../../../../node_modules/@angular/core/fesm2022/core.mjs",
      "file": "@angular_core.js",
      "fileHash": "29d6fc76",
      "needsInterop": false
    },
    "@angular/platform-browser": {
      "src": "../../../../../../node_modules/@angular/platform-browser/fesm2022/platform-browser.mjs",
      "file": "@angular_platform-browser.js",
      "fileHash": "abdf500f",
      "needsInterop": false
    },
    "@angular/router": {
      "src": "../../../../../../node_modules/@angular/router/fesm2022/router.mjs",
      "file": "@angular_router.js",
      "fileHash": "361ca97a",
      "needsInterop": false
    },
    "@angular/common": {
      "src": "../../../../../../node_modules/@angular/common/fesm2022/common.mjs",
      "file": "@angular_common.js",
      "fileHash": "32ba360d",
      "needsInterop": false
    }
  },
  "chunks": {
    "chunk-76GYUIVX": {
      "file": "chunk-76GYUIVX.js"
    },
    "chunk-43MIBKBZ": {
      "file": "chunk-43MIBKBZ.js"
    },
    "chunk-UX4SMXDU": {
      "file": "chunk-UX4SMXDU.js"
    }
  }
}