{
  "hash": "2c808362",
  "configHash": "75d337cc",
  "lockfileHash": "644ea529",
  "browserHash": "6f485d22",
  "optimized": {
    "@angular/common": {
      "src": "../../../../../../node_modules/@angular/common/fesm2022/common.mjs",
      "file": "@angular_common.js",
      "fileHash": "cf247acb",
      "needsInterop": false
    },
    "@angular/core": {
      "src": "../../../../../../node_modules/@angular/core/fesm2022/core.mjs",
      "file": "@angular_core.js",
      "fileHash": "ab421cc3",
      "needsInterop": false
    },
    "@angular/platform-browser": {
      "src": "../../../../../../node_modules/@angular/platform-browser/fesm2022/platform-browser.mjs",
      "file": "@angular_platform-browser.js",
      "fileHash": "95d47634",
      "needsInterop": false
    },
    "@angular/router": {
      "src": "../../../../../../node_modules/@angular/router/fesm2022/router.mjs",
      "file": "@angular_router.js",
      "fileHash": "47c50d91",
      "needsInterop": false
    }
  },
  "chunks": {
    "chunk-4ZBN2MQ2": {
      "file": "chunk-4ZBN2MQ2.js"
    },
    "chunk-JSWMW3KL": {
      "file": "chunk-JSWMW3KL.js"
    },
    "chunk-2WBDY7DO": {
      "file": "chunk-2WBDY7DO.js"
    }
  }
}