{
  "hash": "c705842e",
  "configHash": "30b2286a",
  "lockfileHash": "3987d649",
  "browserHash": "cfe30227",
  "optimized": {
    "@angular/core": {
      "src": "../../../../../../node_modules/@angular/core/fesm2022/core.mjs",
      "file": "@angular_core.js",
      "fileHash": "51c0e452",
      "needsInterop": false
    },
    "@angular/platform-browser": {
      "src": "../../../../../../node_modules/@angular/platform-browser/fesm2022/platform-browser.mjs",
      "file": "@angular_platform-browser.js",
      "fileHash": "89d88b86",
      "needsInterop": false
    },
    "@angular/router": {
      "src": "../../../../../../node_modules/@angular/router/fesm2022/router.mjs",
      "file": "@angular_router.js",
      "fileHash": "9f97c9df",
      "needsInterop": false
    },
    "@angular/common": {
      "src": "../../../../../../node_modules/@angular/common/fesm2022/common.mjs",
      "file": "@angular_common.js",
      "fileHash": "aabf6a22",
      "needsInterop": false
    }
  },
  "chunks": {
    "chunk-DUVXK7QC": {
      "file": "chunk-DUVXK7QC.js"
    },
    "chunk-Y2U6TCU2": {
      "file": "chunk-Y2U6TCU2.js"
    },
    "chunk-KT3ROZER": {
      "file": "chunk-KT3ROZER.js"
    }
  }
}