{
  "hash": "d7daa4a4",
  "configHash": "2979b62b",
  "lockfileHash": "0d484d93",
  "browserHash": "5b752eca",
  "optimized": {
    "@angular/core": {
      "src": "../../../../../../node_modules/@angular/core/fesm2022/core.mjs",
      "file": "@angular_core.js",
      "fileHash": "1c056fde",
      "needsInterop": false
    },
    "@angular/forms": {
      "src": "../../../../../../node_modules/@angular/forms/fesm2022/forms.mjs",
      "file": "@angular_forms.js",
      "fileHash": "6f4c9139",
      "needsInterop": false
    },
    "@angular/platform-browser": {
      "src": "../../../../../../node_modules/@angular/platform-browser/fesm2022/platform-browser.mjs",
      "file": "@angular_platform-browser.js",
      "fileHash": "58e6a6c5",
      "needsInterop": false
    },
    "@angular/router": {
      "src": "../../../../../../node_modules/@angular/router/fesm2022/router.mjs",
      "file": "@angular_router.js",
      "fileHash": "a8072bf7",
      "needsInterop": false
    }
  },
  "chunks": {
    "chunk-H4SJGTJH": {
      "file": "chunk-H4SJGTJH.js"
    },
    "chunk-G7PCUOWG": {
      "file": "chunk-G7PCUOWG.js"
    },
    "chunk-QU6MX3AP": {
      "file": "chunk-QU6MX3AP.js"
    }
  }
}